target_return,volatility,target_return_ann,volatility_ann
0.00000135,0.00014186,0.00034091,0.00225203
0.00008209,0.00066613,0.02068734,0.01057441
0.00016283,0.00130873,0.04103377,0.02077542
0.00024357,0.00212460,0.06138020,0.03372692
0.00032431,0.00318935,0.08172664,0.05062932
0.00040505,0.00432703,0.10207307,0.06868941
0.00048579,0.00549250,0.12241950,0.08719075
0.00056653,0.00667123,0.14276593,0.10590243
0.00064727,0.00785740,0.16311236,0.12473237
0.00072801,0.00911706,0.18345880,0.14472881
0.00080875,0.01141783,0.20380523,0.18125245
0.00088949,0.01453855,0.22415166,0.23079235
