asset,等权,最小方差,最大夏普,均值方差,风险平价
sh510300,0.111111,0.000374,0.007477,0.000000,0.005258
sh510500,0.111111,0.000446,0.000000,0.000000,0.004169
sh511010,0.111111,0.006280,0.887781,0.471518,0.105343
sh511990,0.111111,0.991479,0.000000,0.000000,0.859232
sh513050,0.111111,0.000083,0.000000,0.000000,0.003299
sh513100,0.111111,0.000000,0.047701,0.239760,0.004907
sh518880,0.111111,0.000243,0.049249,0.285062,0.009644
sz159915,0.111111,0.000000,0.007793,0.003660,0.003195
sz159920,0.111111,0.001096,0.000000,0.000000,0.004954
